Order_ID,Supplier_ID,Product_Category,Shipping_mode,Order_Date,Order_Value_USD,Actual_Lead_Time
O1091,S22,Electronics,Road,2023-03-25,42047.26,6
O1115,S22,Machinery,Air,2023-12-27,35795.78,6
O1141,S22,Machinery,Road,2023-01-20,23877.95,7
O1268,S22,Machinery,Rail,2023-05-13,10247.82,8
O1289,S22,Textiles,Rail,2023-09-28,24106.56,7
O1313,S22,Electronics,Road,2023-09-20,6365.88,7
O1456,S22,Machinery,Rail,2023-05-24,1747.07,10
O1500,S22,Textiles,Road,2023-04-11,39296.11,11
O1501,S22,Electronics,Rail,2023-09-01,14645.04,6
O1566,S22,Food,Sea,2023-09-23,34165.54,10
O1721,S22,Food,Rail,2023-09-23,21080.87,8
O1735,S22,Pharma,Road,2023-01-10,17191.73,10
O1796,S22,Machinery,Road,2023-01-30,33253.37,10
O1876,S22,Electronics,Road,2023-06-08,49809.8,12
O1893,S22,Textiles,Road,2023-12-16,1610.08,3
O1957,S22,Machinery,Air,2023-10-24,48065.55,4
O1978,S22,Food,Air,2023-07-01,44361.63,12
O1005,S11,Pharma,Rail,2023-03-28,40319.64,11
O1123,S11,Food,Sea,2023-03-05,39200.28,5
O1149,S11,Textiles,Rail,2023-02-28,37060.57,10
O1191,S11,Machinery,Rail,2023-04-29,38770.52,7
O1231,S11,Electronics,Rail,2023-01-19,19714.2,9
O1397,S11,Food,Road,2023-02-11,37223.87,3
O1435,S11,Textiles,Rail,2023-10-18,46089.23,12
O1444,S11,Machinery,Sea,2023-10-14,48937.01,6
O1464,S11,Pharma,Air,2023-01-05,40947.84,12
O1627,S11,Pharma,Rail,2023-07-07,44819.63,8
O1655,S11,Electronics,Sea,2023-02-17,3989.35,5
O1691,S11,Machinery,Road,2023-05-19,8438.09,7
O1692,S11,Textiles,Sea,2023-07-30,33845.45,5
O1714,S11,Food,Air,2023-03-19,3357.74,12
O1785,S11,Electronics,Sea,2023-02-13,11395.51,6
O1838,S11,Food,Rail,2023-11-08,19448.54,10
O1851,S11,Machinery,Road,2023-11-06,11326.42,6
O1963,S11,Machinery,Road,2023-02-26,14212.12,11
O1033,S2,Electronics,Air,2023-08-31,40507.64,9
O1050,S2,Textiles,Sea,2023-02-19,46496.79,9
O1085,S2,Electronics,Sea,2023-02-10,506.67,8
O1391,S2,Machinery,Air,2023-07-07,11905.62,9
O1465,S2,Pharma,Air,2023-12-26,27548.3,9
O1544,S2,Electronics,Air,2023-03-09,31370.61,7
O1546,S2,Machinery,Rail,2023-01-12,13736.4,6
O1715,S2,Textiles,Sea,2023-04-15,19856.13,6
O1716,S2,Pharma,Sea,2023-06-18,12093.07,3
O1817,S2,Electronics,Rail,2023-01-10,45457.31,7
O1092,S13,Food,Road,2023-05-10,689.09,5
O1119,S13,Pharma,Rail,2023-09-21,47563.25,7
O1128,S13,Machinery,Rail,2023-07-23,25269.86,5
O1206,S13,Machinery,Rail,2023-10-14,15494.33,7
O1267,S13,Electronics,Rail,2023-01-12,48051.04,8
O1311,S13,Food,Air,2023-12-11,24304.06,11
O1593,S13,Pharma,Road,2023-05-04,35845.61,6
O1733,S13,Pharma,Rail,2023-08-14,30479.08,6
O1827,S13,Textiles,Air,2023-11-10,13911.66,8
O1844,S13,Machinery,Sea,2023-05-12,13571.07,10
O1883,S13,Food,Road,2023-04-19,49945.18,9
O1940,S13,Pharma,Sea,2023-11-16,32607.63,13
O1108,S15,Food,Air,2023-04-28,34507.45,4
O1111,S15,Food,Rail,2023-04-03,31819.24,7
O1219,S15,Electronics,Sea,2023-03-30,48157.03,5
O1300,S15,Machinery,Sea,2023-06-05,18172.95,10
O1524,S15,Machinery,Air,2023-09-13,20478.25,9
O1676,S15,Machinery,Sea,2023-04-11,25528.89,12
O1802,S15,Textiles,Sea,2023-04-21,3789.93,5
O1993,S15,Pharma,Road,2023-01-21,48779.49,10
O1069,S26,Textiles,Sea,2023-01-18,12475.62,4
O1110,S26,Electronics,Sea,2023-03-21,19688.62,4
O1209,S26,Textiles,Air,2023-10-31,12706.88,7
O1242,S26,Electronics,Rail,2023-05-23,888.16,11
O1339,S26,Textiles,Rail,2023-01-10,2282.93,5
O1356,S26,Textiles,Rail,2023-06-16,24078.62,6
O1373,S26,Food,Sea,2023-06-09,38670.58,5
O1448,S26,Electronics,Rail,2023-04-16,28322.6,8
O1498,S26,Electronics,Rail,2023-12-08,20524.11,11
O1595,S26,Machinery,Air,2023-06-27,10363.88,7
O1664,S26,Food,Sea,2023-07-22,12872.87,9
O1686,S26,Machinery,Road,2023-05-28,41976.46,12
O1745,S26,Food,Rail,2023-08-01,39741.53,7
O1784,S26,Machinery,Air,2023-03-29,16397.53,10
O1792,S26,Textiles,Road,2023-07-10,33008.11,11
O1822,S26,Pharma,Rail,2023-04-22,29150.93,7
O1945,S26,Food,Sea,2023-12-22,9378.12,6
O1959,S26,Electronics,Road,2023-06-23,24680.53,7
O1998,S26,Textiles,Air,2023-05-07,19587.08,11
O1003,S10,Machinery,Rail,2023-01-14,15320.08,6
O1027,S10,Pharma,Road,2023-12-18,4343.64,9
O1083,S10,Machinery,Road,2023-10-20,37557.94,10
O1097,S10,Pharma,Air,2023-01-28,18331.58,10
O1184,S10,Pharma,Air,2023-12-24,1338.91,10
O1199,S10,Textiles,Road,2023-03-17,42429.51,8
O1241,S10,Electronics,Air,2023-08-01,7791.5,13
O1249,S10,Food,Air,2023-11-01,25279.88,6
O1258,S10,Pharma,Sea,2023-01-03,8704.61,10
O1365,S10,Machinery,Road,2023-04-18,3915.88,8
O1420,S10,Pharma,Road,2023-08-18,2599.9,3
O1513,S10,Textiles,Road,2023-03-08,37671.52,2
O1614,S10,Electronics,Sea,2023-05-29,27440.57,12
O1621,S10,Pharma,Sea,2023-08-01,18870.09,10
O1635,S10,Electronics,Rail,2023-02-03,22406.0,5
O1694,S10,Electronics,Air,2023-02-20,34850.5,10
O1761,S10,Food,Road,2023-10-29,22839.06,5
O1762,S10,Machinery,Road,2023-12-26,9580.39,5
O1818,S10,Machinery,Air,2023-10-29,38056.41,11
O1890,S10,Pharma,Sea,2023-01-19,2497.37,9
O1906,S10,Machinery,Air,2023-10-28,31166.55,7
O1908,S10,Electronics,Road,2023-07-17,31418.4,7
O1911,S10,Food,Road,2023-08-28,29257.04,7
O1044,S1,Pharma,Road,2023-10-20,4108.64,11
O1046,S1,Pharma,Air,2023-08-08,15116.88,6
O1135,S1,Food,Road,2023-07-26,38494.6,3
O1193,S1,Pharma,Air,2023-04-24,17730.73,9
O1194,S1,Textiles,Rail,2023-05-25,18901.1,4
O1208,S1,Textiles,Road,2023-02-22,11797.65,10
O1243,S1,Food,Sea,2023-03-06,31730.63,10
O1349,S1,Machinery,Road,2023-10-20,14483.56,7
O1368,S1,Textiles,Air,2023-04-29,20765.9,10
O1379,S1,Machinery,Sea,2023-09-15,21548.8,11
O1389,S1,Pharma,Sea,2023-08-29,15557.84,7
O1417,S1,Pharma,Air,2023-06-09,39141.27,8
O1460,S1,Electronics,Air,2023-12-14,48527.73,5
O1623,S1,Textiles,Road,2023-12-04,29430.22,7
O1672,S1,Machinery,Road,2023-12-10,45732.53,11
O1697,S1,Pharma,Road,2023-12-16,8681.58,3
O1730,S1,Machinery,Rail,2023-12-17,31755.24,6
O1933,S1,Food,Rail,2023-12-31,34037.81,3
O1988,S1,Food,Air,2023-04-17,23517.97,6
O1062,S8,Machinery,Sea,2023-08-31,44488.62,9
O1081,S8,Electronics,Rail,2023-11-30,31663.11,5
O1124,S8,Electronics,Air,2023-10-11,32385.39,4
O1134,S8,Food,Sea,2023-06-05,3091.57,9
O1174,S8,Textiles,Road,2023-10-28,23472.71,11
O1276,S8,Machinery,Air,2023-11-22,29881.27,9
O1385,S8,Electronics,Rail,2023-11-19,26364.25,5
O1557,S8,Machinery,Rail,2023-06-09,47363.32,5
O1588,S8,Textiles,Road,2023-04-11,948.18,11
O1649,S8,Pharma,Air,2023-07-11,38339.82,5
O1713,S8,Food,Air,2023-11-20,12644.94,4
O1849,S8,Food,Road,2023-10-20,9950.87,6
O1265,S6,Electronics,Rail,2023-06-03,42762.35,4
O1286,S6,Textiles,Sea,2023-10-19,48876.74,9
O1351,S6,Pharma,Sea,2023-02-19,44757.67,7
O1491,S6,Machinery,Air,2023-06-29,27668.5,11
O1492,S6,Textiles,Road,2023-07-09,14737.82,5
O1564,S6,Textiles,Air,2023-10-14,29585.5,10
O1574,S6,Machinery,Air,2023-04-09,42070.18,7
O1628,S6,Textiles,Sea,2023-07-10,33489.92,11
O1689,S6,Food,Road,2023-11-10,22240.92,9
O1743,S6,Machinery,Sea,2023-04-24,21253.95,10
O1894,S6,Electronics,Air,2023-07-02,18341.13,8
O1093,S18,Food,Air,2023-08-19,12717.78,6
O1130,S18,Food,Air,2023-11-01,23156.13,6
O1239,S18,Machinery,Rail,2023-11-06,35532.21,11
O1303,S18,Machinery,Rail,2023-05-24,31901.0,4
O1309,S18,Machinery,Rail,2023-05-12,21720.75,6
O1335,S18,Pharma,Air,2023-08-08,5539.28,10
O1399,S18,Pharma,Rail,2023-06-16,21420.15,6
O1432,S18,Textiles,Sea,2023-09-15,35011.86,10
O1511,S18,Textiles,Rail,2023-06-07,10350.11,5
O1625,S18,Pharma,Air,2023-06-09,13808.25,7
O1808,S18,Electronics,Road,2023-05-09,26141.4,12
O1895,S18,Machinery,Rail,2023-04-23,39295.04,12
O1011,S14,Food,Rail,2023-05-27,34002.65,9
O1079,S14,Textiles,Road,2023-10-25,14571.57,6
O1087,S14,Electronics,Road,2023-11-12,2819.17,2
O1157,S14,Machinery,Rail,2023-08-30,18705.41,8
O1284,S14,Electronics,Rail,2023-05-04,48026.71,11
O1386,S14,Pharma,Rail,2023-02-11,3204.4,5
O1530,S14,Pharma,Rail,2023-10-16,13581.68,6
O1582,S14,Electronics,Road,2023-04-07,37545.03,11
O1680,S14,Machinery,Rail,2023-03-28,19940.17,11
O1740,S14,Pharma,Air,2023-11-11,44835.9,10
O1753,S14,Food,Road,2023-04-29,36310.46,7
O1881,S14,Machinery,Air,2023-07-30,3829.17,8
O1918,S14,Machinery,Rail,2023-12-25,30044.17,6
O1920,S14,Food,Air,2023-03-31,46492.41,10
O1954,S14,Electronics,Sea,2023-11-09,35132.16,5
O1977,S14,Pharma,Air,2023-12-02,43218.34,11
O1990,S14,Pharma,Sea,2023-12-04,3588.51,5
O1001,S20,Machinery,Road,2023-07-07,34780.36,2
O1034,S20,Food,Air,2023-02-04,47410.56,6
O1042,S20,Textiles,Road,2023-06-08,35500.78,9
O1138,S20,Pharma,Air,2023-11-30,42592.23,8
O1176,S20,Food,Road,2023-12-02,26192.1,10
O1229,S20,Textiles,Rail,2023-05-12,40650.63,3
O1431,S20,Electronics,Air,2023-06-21,41461.56,7
O1578,S20,Pharma,Rail,2023-07-09,5543.71,8
O1650,S20,Pharma,Road,2023-01-17,20778.72,8
O1780,S20,Pharma,Air,2023-08-01,40288.82,10
O1795,S20,Pharma,Sea,2023-01-23,11274.54,7
O1848,S20,Electronics,Road,2023-06-03,13840.84,8
O1852,S20,Textiles,Sea,2023-12-25,29967.51,11
O1909,S20,Pharma,Sea,2023-09-17,43289.45,7
O1178,S5,Machinery,Sea,2023-01-08,15937.26,5
O1337,S5,Textiles,Air,2023-01-09,11432.21,4
O1403,S5,Machinery,Air,2023-08-17,40930.58,10
O1699,S5,Pharma,Air,2023-01-08,36077.61,3
O1709,S5,Electronics,Rail,2023-12-26,5714.6,9
O1724,S5,Electronics,Rail,2023-05-20,34973.28,8
O1747,S5,Food,Road,2023-10-15,23975.62,3
O1835,S5,Textiles,Rail,2023-08-31,9802.06,5
O1868,S5,Pharma,Road,2023-12-02,28088.19,2
O1879,S5,Food,Rail,2023-11-01,12825.93,5
O1951,S5,Food,Rail,2023-10-22,1447.67,13
O1983,S5,Pharma,Road,2023-02-13,49863.28,7
O1991,S5,Food,Air,2023-09-07,17096.31,10
O1038,S12,Electronics,Rail,2023-11-28,15328.5,2
O1067,S12,Pharma,Air,2023-05-11,4052.9,6
O1167,S12,Food,Rail,2023-08-11,6656.24,10
O1173,S12,Textiles,Rail,2023-05-06,991.23,10
O1175,S12,Pharma,Air,2023-11-04,48193.21,5
O1240,S12,Food,Air,2023-03-30,3579.06,9
O1294,S12,Textiles,Road,2023-10-17,8553.64,6
O1306,S12,Electronics,Road,2023-05-26,42478.08,10
O1479,S12,Machinery,Sea,2023-05-22,14857.25,12
O1534,S12,Food,Air,2023-11-17,14729.35,3
O1535,S12,Machinery,Air,2023-04-20,33009.43,12
O1658,S12,Electronics,Road,2023-01-10,44143.69,7
O1663,S12,Food,Road,2023-10-11,15835.44,8
O1682,S12,Pharma,Air,2023-04-19,25405.06,6
O1787,S12,Textiles,Sea,2023-06-20,18940.4,13
O1825,S12,Machinery,Air,2023-08-22,23959.1,10
O1840,S12,Machinery,Air,2023-04-11,33145.78,10
O1880,S12,Textiles,Road,2023-11-15,29046.77,12
O1914,S12,Textiles,Air,2023-02-16,22393.54,7
O1929,S12,Machinery,Road,2023-09-11,29861.33,8
O1958,S12,Food,Sea,2023-07-01,27028.79,10
O1114,S28,Electronics,Road,2023-12-16,8764.18,4
O1195,S28,Food,Sea,2023-01-26,567.0,6
O1297,S28,Food,Air,2023-01-27,25195.34,11
O1310,S28,Electronics,Rail,2023-03-31,1943.9,12
O1333,S28,Machinery,Rail,2023-10-04,9983.85,7
O1408,S28,Machinery,Sea,2023-12-19,49250.49,11
O1451,S28,Textiles,Air,2023-02-24,19335.63,7
O1476,S28,Textiles,Road,2023-09-29,43332.14,8
O1477,S28,Electronics,Rail,2023-02-07,8285.02,6
O1480,S28,Electronics,Rail,2023-10-19,43634.99,8
O1568,S28,Textiles,Road,2023-05-10,1262.05,5
O1610,S28,Electronics,Air,2023-08-07,42005.35,5
O1612,S28,Machinery,Road,2023-08-18,41237.7,7
O1646,S28,Food,Sea,2023-02-11,24809.24,10
O1656,S28,Electronics,Sea,2023-01-29,9689.51,5
O1739,S28,Machinery,Rail,2023-06-02,19897.04,8
O1781,S28,Electronics,Road,2023-10-10,21956.88,5
O1807,S28,Food,Air,2023-03-13,40248.6,5
O1859,S28,Food,Air,2023-09-30,4875.05,9
O1900,S28,Food,Rail,2023-04-23,1211.88,12
O1015,S9,Pharma,Air,2023-06-22,37024.54,5
O1021,S9,Machinery,Road,2023-11-03,33097.76,9
O1112,S9,Machinery,Rail,2023-09-23,35340.93,6
O1172,S9,Pharma,Road,2023-05-31,29959.02,8
O1211,S9,Textiles,Air,2023-12-27,37498.5,12
O1237,S9,Textiles,Road,2023-05-09,23764.42,10
O1469,S9,Textiles,Sea,2023-05-01,36063.47,8
O1587,S9,Electronics,Rail,2023-09-30,36310.67,7
O1631,S9,Electronics,Rail,2023-07-02,31697.24,4
O1633,S9,Food,Air,2023-10-09,35420.31,9
O1765,S9,Textiles,Road,2023-05-31,23582.33,2
O1875,S9,Textiles,Air,2023-03-23,45097.56,10
O1901,S9,Electronics,Sea,2023-09-08,38335.49,8
O1904,S9,Textiles,Rail,2023-11-09,2427.43,5
O1919,S9,Textiles,Air,2023-05-17,46445.01,11
O1944,S9,Food,Air,2023-09-18,30165.45,4
O1999,S9,Food,Sea,2023-06-09,4016.23,9
O1089,S29,Food,Road,2023-01-14,35495.34,5
O1183,S29,Pharma,Rail,2023-12-18,6714.74,4
O1245,S29,Food,Sea,2023-07-18,7146.61,4
O1250,S29,Electronics,Road,2023-08-12,34141.21,7
O1255,S29,Food,Air,2023-04-20,27555.57,7
O1259,S29,Pharma,Sea,2023-03-26,22554.31,11
O1272,S29,Electronics,Air,2023-08-16,49066.61,9
O1584,S29,Food,Air,2023-09-17,21984.04,12
O1630,S29,Machinery,Sea,2023-09-13,22990.1,11
O1647,S29,Machinery,Road,2023-04-23,46391.98,4
O1774,S29,Pharma,Sea,2023-01-22,27317.17,8
O1779,S29,Electronics,Sea,2023-01-29,19085.71,7
O1903,S29,Textiles,Road,2023-10-30,38233.98,4
O1923,S29,Machinery,Air,2023-05-18,10975.98,12
O1008,S24,Food,Sea,2023-10-28,47893.68,10
O1078,S24,Textiles,Air,2023-03-28,25086.42,11
O1236,S24,Electronics,Air,2023-11-27,14879.97,10
O1277,S24,Food,Road,2023-10-29,4117.54,9
O1317,S24,Pharma,Road,2023-02-08,49666.12,8
O1318,S24,Pharma,Rail,2023-06-08,2723.11,3
O1340,S24,Electronics,Air,2023-05-01,9173.48,10
O1358,S24,Electronics,Rail,2023-12-11,10631.67,2
O1395,S24,Machinery,Air,2023-08-06,11602.53,6
O1504,S24,Food,Sea,2023-02-18,16956.58,10
O1520,S24,Textiles,Sea,2023-12-13,26175.7,5
O1539,S24,Textiles,Road,2023-01-25,4241.39,7
O1547,S24,Pharma,Air,2023-10-15,1247.98,13
O1695,S24,Pharma,Sea,2023-09-18,11865.11,5
O1767,S24,Machinery,Road,2023-08-12,19697.39,7
O1789,S24,Electronics,Rail,2023-12-19,18793.92,9
O1824,S24,Electronics,Rail,2023-03-27,8245.6,4
O1842,S24,Electronics,Air,2023-05-12,13961.33,6
O1845,S24,Machinery,Air,2023-01-20,46983.89,6
O1878,S24,Machinery,Road,2023-03-01,42321.13,13
O1924,S24,Food,Sea,2023-02-19,49783.74,6
O1962,S24,Pharma,Road,2023-07-07,28844.06,8
O1997,S24,Electronics,Sea,2023-03-11,4712.62,5
O1010,S25,Textiles,Rail,2023-05-02,49892.13,6
O1095,S25,Food,Rail,2023-05-25,16155.37,8
O1152,S25,Electronics,Rail,2023-06-28,20058.98,10
O1196,S25,Food,Sea,2023-05-16,15340.13,7
O1234,S25,Electronics,Sea,2023-12-05,17587.01,3
O1298,S25,Textiles,Rail,2023-06-06,1099.1,11
O1307,S25,Textiles,Sea,2023-01-02,36578.64,6
O1352,S25,Electronics,Rail,2023-06-01,47349.6,9
O1411,S25,Pharma,Air,2023-09-26,29736.57,5
O1490,S25,Electronics,Rail,2023-11-19,3065.87,10
O1494,S25,Machinery,Rail,2023-07-15,17971.45,4
O1517,S25,Machinery,Rail,2023-03-14,21884.94,8
O1543,S25,Textiles,Rail,2023-03-20,30152.71,4
O1552,S25,Pharma,Sea,2023-01-31,30695.37,3
O1567,S25,Machinery,Sea,2023-12-11,20703.51,4
O1629,S25,Textiles,Sea,2023-11-04,39475.66,4
O1711,S25,Machinery,Air,2023-02-18,26201.62,9
O1749,S25,Food,Air,2023-04-23,31607.11,5
O1786,S25,Pharma,Air,2023-10-05,17850.77,11
O1804,S25,Pharma,Sea,2023-12-28,29393.82,7
O1877,S25,Pharma,Sea,2023-07-07,41358.08,11
O1926,S25,Pharma,Rail,2023-04-17,32650.69,6
O1927,S25,Textiles,Sea,2023-04-23,40318.5,9
O1248,S21,Textiles,Rail,2023-04-03,12473.72,6
O1398,S21,Textiles,Road,2023-10-15,42497.06,6
O1414,S21,Electronics,Air,2023-05-10,27452.6,11
O1415,S21,Machinery,Sea,2023-01-05,35611.38,6
O1453,S21,Machinery,Air,2023-05-25,39417.18,5
O1525,S21,Textiles,Air,2023-09-23,37025.31,11
O1632,S21,Textiles,Sea,2023-04-27,12794.99,11
O1943,S21,Food,Road,2023-07-11,31979.05,11
O1006,S30,Food,Road,2023-01-12,14298.61,11
O1007,S30,Food,Air,2023-01-25,10929.9,11
O1099,S30,Electronics,Sea,2023-06-12,42214.24,11
O1151,S30,Electronics,Rail,2023-06-10,32419.21,7
O1203,S30,Electronics,Road,2023-10-16,39128.62,8
O1261,S30,Food,Rail,2023-11-24,2973.96,10
O1270,S30,Food,Sea,2023-10-20,49743.56,5
O1273,S30,Textiles,Road,2023-09-28,28692.22,12
O1330,S30,Food,Sea,2023-02-16,18249.63,8
O1426,S30,Electronics,Rail,2023-09-16,5574.54,10
O1489,S30,Pharma,Sea,2023-11-27,33863.99,6
O1729,S30,Electronics,Road,2023-06-09,43591.08,6
O1833,S30,Electronics,Air,2023-01-20,45438.01,6
O1857,S30,Textiles,Sea,2023-02-26,38162.14,4
O1129,S17,Machinery,Rail,2023-06-14,21920.09,2
O1347,S17,Electronics,Road,2023-06-03,26076.57,10
O1371,S17,Textiles,Sea,2023-10-20,16943.46,4
O1390,S17,Electronics,Road,2023-10-07,15545.15,8
O1423,S17,Pharma,Air,2023-03-08,15179.72,8
O1486,S17,Electronics,Sea,2023-12-07,41725.1,6
O1673,S17,Textiles,Air,2023-06-22,47664.34,8
O1681,S17,Machinery,Sea,2023-02-12,27891.87,13
O1752,S17,Electronics,Air,2023-08-10,993.95,2
O1763,S17,Machinery,Road,2023-08-26,42821.21,7
O1773,S17,Pharma,Rail,2023-12-11,19775.54,7
O1853,S17,Pharma,Sea,2023-07-21,13599.43,6
O1922,S17,Machinery,Rail,2023-03-02,26620.03,5
O1012,S3,Machinery,Rail,2023-02-24,41509.23,11
O1121,S3,Textiles,Air,2023-01-01,15253.58,2
O1140,S3,Electronics,Sea,2023-10-20,33039.0,6
O1165,S3,Pharma,Sea,2023-07-04,17198.6,9
O1186,S3,Machinery,Rail,2023-03-27,40454.2,4
O1212,S3,Food,Air,2023-03-31,23953.59,7
O1221,S3,Electronics,Road,2023-09-26,18601.2,6
O1362,S3,Textiles,Sea,2023-03-10,42823.99,5
O1377,S3,Pharma,Air,2023-03-18,27185.18,4
O1608,S3,Pharma,Rail,2023-07-02,4516.88,11
O1712,S3,Pharma,Road,2023-10-19,30583.76,6
O1731,S3,Machinery,Road,2023-10-15,26858.95,4
O1734,S3,Electronics,Sea,2023-01-11,6301.59,6
O1797,S3,Pharma,Sea,2023-10-22,24457.47,8
O1864,S3,Food,Rail,2023-01-14,13349.03,4
O1986,S3,Machinery,Road,2023-08-16,31320.21,5
O1004,S4,Machinery,Road,2023-01-12,18256.42,4
O1177,S4,Electronics,Road,2023-08-22,34038.34,9
O1302,S4,Electronics,Rail,2023-05-16,11819.5,10
O1312,S4,Pharma,Rail,2023-12-16,33290.48,4
O1320,S4,Pharma,Air,2023-11-08,18900.34,4
O1322,S4,Pharma,Sea,2023-10-25,37836.12,9
O1364,S4,Textiles,Sea,2023-02-18,4022.34,9
O1470,S4,Pharma,Rail,2023-10-13,43200.7,8
O1487,S4,Food,Rail,2023-09-15,45351.31,11
O1617,S4,Pharma,Air,2023-03-06,37272.63,7
O1677,S4,Food,Road,2023-01-08,47085.48,5
O1707,S4,Food,Road,2023-05-16,12456.07,9
O1756,S4,Machinery,Air,2023-08-21,41158.72,8
O1775,S4,Electronics,Rail,2023-12-14,48419.26,5
O1812,S4,Electronics,Air,2023-04-14,37241.53,7
O1891,S4,Machinery,Road,2023-06-22,20853.98,6
O1910,S4,Textiles,Air,2023-05-28,29553.36,10
O1949,S4,Electronics,Road,2023-05-06,41949.67,9
O1051,S7,Textiles,Rail,2023-06-26,20552.58,4
O1170,S7,Electronics,Rail,2023-10-21,20512.34,3
O1233,S7,Textiles,Sea,2023-10-06,13365.3,5
O1271,S7,Electronics,Air,2023-10-27,35730.28,5
O1288,S7,Food,Air,2023-02-20,8502.74,5
O1321,S7,Pharma,Road,2023-08-29,19926.68,10
O1325,S7,Electronics,Air,2023-09-20,29067.57,7
O1369,S7,Machinery,Rail,2023-05-29,40638.49,5
O1380,S7,Pharma,Road,2023-11-16,2359.77,9
O1478,S7,Machinery,Rail,2023-08-14,15834.5,2
O1503,S7,Food,Rail,2023-08-27,34429.47,11
O1523,S7,Food,Sea,2023-10-03,6108.52,11
O1561,S7,Electronics,Road,2023-05-10,36958.49,5
O1585,S7,Machinery,Road,2023-04-13,13306.23,9
O1597,S7,Machinery,Rail,2023-04-26,37066.8,7
O1607,S7,Electronics,Air,2023-05-13,33807.15,4
O1654,S7,Machinery,Air,2023-03-01,8442.9,5
O1683,S7,Pharma,Air,2023-06-01,10096.22,10
O1698,S7,Pharma,Road,2023-12-18,598.61,6
O1760,S7,Food,Rail,2023-05-06,39682.13,12
O1793,S7,Pharma,Air,2023-04-28,35583.9,11
O1861,S7,Pharma,Road,2023-03-12,18733.19,10
O1902,S7,Machinery,Road,2023-09-08,31375.28,4
O1931,S7,Electronics,Sea,2023-07-17,23010.83,11
O1218,S27,Electronics,Sea,2023-06-18,27451.88,5
O1266,S27,Textiles,Air,2023-06-02,12477.87,7
O1367,S27,Food,Air,2023-06-10,25592.56,11
O1376,S27,Textiles,Rail,2023-03-19,43856.21,9
O1396,S27,Machinery,Rail,2023-04-12,33320.84,9
O1402,S27,Electronics,Sea,2023-08-20,35774.76,7
O1440,S27,Electronics,Air,2023-05-30,40450.01,5
O1522,S27,Textiles,Air,2023-07-25,48548.49,4
O1705,S27,Textiles,Air,2023-12-03,8704.53,10
O1722,S27,Pharma,Road,2023-05-29,21732.74,8
O1836,S27,Pharma,Rail,2023-08-11,4310.1,4
O1871,S27,Textiles,Road,2023-09-11,16489.85,10
O1905,S27,Pharma,Road,2023-04-28,41937.42,6
O1913,S27,Electronics,Sea,2023-07-17,37958.14,7
O1000,S23,Textiles,Rail,2023-10-24,36273.99,4
O1100,S23,Textiles,Road,2023-08-17,16010.72,10
O1142,S23,Textiles,Road,2023-10-09,44067.76,9
O1238,S23,Machinery,Air,2023-12-10,44561.99,2
O1256,S23,Electronics,Air,2023-11-26,21924.39,6
O1370,S23,Pharma,Rail,2023-05-30,41873.38,5
O1450,S23,Food,Sea,2023-05-01,25064.81,10
O1497,S23,Electronics,Road,2023-05-23,36768.6,4
O1538,S23,Pharma,Air,2023-08-26,4310.48,10
O1569,S23,Food,Sea,2023-09-24,29354.84,5
O1643,S23,Food,Air,2023-08-09,15401.78,9
O1644,S23,Machinery,Air,2023-02-11,25380.25,8
O1671,S23,Electronics,Sea,2023-12-09,15735.89,5
O1700,S23,Food,Road,2023-11-16,36753.85,6
O1717,S23,Pharma,Sea,2023-08-05,11367.92,8
O1819,S23,Textiles,Road,2023-08-19,30059.19,13
O1828,S23,Pharma,Air,2023-02-23,10511.58,10
O1830,S23,Textiles,Road,2023-07-28,12454.28,9
O1869,S23,Textiles,Air,2023-07-05,2429.48,8
O1966,S23,Electronics,Rail,2023-06-01,29845.59,12
O1992,S23,Textiles,Road,2023-12-29,3817.32,13
O1017,S16,Machinery,Air,2023-04-29,37153.57,8
O1035,S16,Machinery,Air,2023-04-03,4079.67,9
O1109,S16,Food,Road,2023-09-27,24943.8,10
O1133,S16,Machinery,Road,2023-11-08,18805.76,2
O1205,S16,Food,Road,2023-05-27,20201.26,9
O1293,S16,Textiles,Road,2023-10-02,33496.72,7
O1295,S16,Machinery,Air,2023-11-30,28471.72,5
O1388,S16,Electronics,Road,2023-06-16,11693.2,6
O1446,S16,Food,Road,2023-11-07,35207.91,5
O1474,S16,Food,Air,2023-10-15,20129.41,8
O1624,S16,Pharma,Road,2023-06-22,27147.43,4
O1636,S16,Electronics,Sea,2023-02-21,32641.46,4
O1637,S16,Machinery,Air,2023-04-22,46845.89,5
O1670,S16,Food,Rail,2023-03-20,39570.0,7
O1674,S16,Electronics,Sea,2023-03-10,16673.76,4
O1744,S16,Food,Rail,2023-10-05,1397.14,5
O1748,S16,Electronics,Rail,2023-06-23,28253.58,10
O1751,S16,Textiles,Air,2023-02-01,13036.98,9
O1809,S16,Machinery,Air,2023-12-30,7446.06,2
O1811,S16,Pharma,Sea,2023-01-03,31213.45,11
O1976,S16,Machinery,Air,2023-04-30,10955.98,10
O1145,S19,Textiles,Road,2023-04-29,30583.73,6
O1225,S19,Electronics,Air,2023-06-08,31309.48,3
O1287,S19,Machinery,Air,2023-07-22,37986.86,6
O1353,S19,Textiles,Sea,2023-01-19,44681.63,2
O1452,S19,Machinery,Road,2023-01-12,8570.25,3
O1565,S19,Textiles,Rail,2023-01-05,35206.41,5
O1576,S19,Pharma,Air,2023-11-25,33786.79,6
O1586,S19,Textiles,Air,2023-02-09,22002.96,4
O1594,S19,Textiles,Sea,2023-08-19,5023.88,8
O1815,S19,Textiles,Air,2023-12-28,44575.27,9
O1826,S19,Pharma,Air,2023-03-31,35961.66,8
O1837,S19,Pharma,Sea,2023-03-11,34959.73,12
O1948,S19,Machinery,Road,2023-09-17,33554.15,8
O1973,S19,Machinery,Rail,2023-06-12,44108.16,8
O1275,S22,Food,Sea,2023-12-09,22131.3,10
O1575,S22,Machinery,Air,2023-05-29,9832.76,7
O1872,S22,Electronics,Rail,2023-01-24,44947.0,10
O1921,S22,Machinery,Rail,2023-11-21,17424.31,13
O1032,S11,Textiles,Air,2023-07-21,5994.41,8
O1153,S11,Electronics,Air,2023-07-25,35803.74,12
O1342,S11,Food,Sea,2023-06-19,14482.7,7
O1518,S11,Machinery,Road,2023-06-12,49028.25,8
O1645,S11,Pharma,Rail,2023-01-21,3280.72,10
O1074,S2,Machinery,Sea,2023-10-09,26248.41,17
O1445,S2,Textiles,Rail,2023-10-30,42898.59,12
O1488,S2,Textiles,Air,2023-09-06,1101.76,11
O1667,S2,Electronics,Road,2023-09-21,18165.86,10
O1996,S2,Electronics,Rail,2023-01-07,46929.28,12
O1427,S13,Machinery,Rail,2023-12-08,25935.8,11
O1471,S13,Machinery,Rail,2023-05-29,9373.15,10
O1659,S15,Food,Air,2023-08-30,40799.22,10
O1750,S15,Textiles,Rail,2023-05-02,34587.27,16
O1865,S15,Machinery,Road,2023-01-03,2166.98,9
O1885,S15,Pharma,Sea,2023-01-30,37535.1,18
O1192,S26,Textiles,Road,2023-08-06,26139.05,16
O1226,S26,Pharma,Air,2023-11-20,39175.43,11
O1407,S26,Textiles,Air,2023-05-16,40431.33,10
O1506,S26,Textiles,Air,2023-06-15,19009.09,7
O1509,S26,Electronics,Rail,2023-06-07,33738.22,7
O1072,S10,Machinery,Sea,2023-08-13,40295.95,11
O1262,S10,Machinery,Rail,2023-10-31,42260.66,19
O1467,S10,Food,Road,2023-12-30,3057.6,10
O1190,S1,Pharma,Rail,2023-11-07,15018.78,16
O1224,S1,Electronics,Road,2023-03-18,7469.75,14
O1652,S1,Food,Road,2023-05-09,13381.71,14
O1696,S1,Textiles,Air,2023-09-18,6318.79,12
O1956,S1,Machinery,Road,2023-11-22,40239.14,9
O1018,S8,Electronics,Sea,2023-11-05,7571.09,9
O1200,S8,Pharma,Rail,2023-11-24,1667.95,17
O1301,S8,Machinery,Road,2023-10-18,46346.61,15
O1821,S8,Textiles,Sea,2023-03-07,44511.83,9
O1947,S8,Textiles,Road,2023-03-31,23031.01,9
O1037,S6,Machinery,Air,2023-12-19,26367.54,6
O1308,S6,Machinery,Air,2023-03-18,5222.26,4
O1341,S6,Textiles,Road,2023-05-05,43405.13,13
O1666,S6,Machinery,Air,2023-10-17,27009.91,12
O1937,S6,Electronics,Sea,2023-10-29,25267.79,9
O1019,S18,Textiles,Air,2023-07-02,37794.68,10
O1080,S14,Machinery,Sea,2023-01-14,7124.5,11
O1198,S14,Machinery,Sea,2023-08-20,48722.62,18
O1433,S14,Food,Sea,2023-04-12,35859.17,9
O1759,S14,Pharma,Sea,2023-05-29,17014.61,14
O1213,S20,Pharma,Sea,2023-08-08,3363.3,5
O1938,S20,Electronics,Road,2023-03-10,34698.76,21
O1969,S20,Machinery,Road,2023-12-30,2071.32,15
O1014,S5,Textiles,Air,2023-12-22,1208.61,10
O1088,S5,Textiles,Sea,2023-04-21,14170.39,14
O1620,S5,Machinery,Road,2023-08-30,3888.71,12
O1758,S5,Machinery,Rail,2023-05-29,24512.19,12
O1975,S5,Textiles,Air,2023-09-27,33122.75,11
O1023,S12,Electronics,Air,2023-03-23,42373.11,11
O1528,S12,Machinery,Sea,2023-09-10,17652.95,11
O1693,S12,Electronics,Air,2023-01-28,9373.04,12
O1829,S12,Electronics,Road,2023-01-12,16034.43,7
O1185,S28,Textiles,Road,2023-01-05,38622.83,19
O1536,S28,Food,Air,2023-12-02,48442.6,11
O1732,S28,Textiles,Rail,2023-10-15,6212.03,7
O1619,S9,Textiles,Sea,2023-08-01,26311.73,7
O1718,S9,Pharma,Rail,2023-04-29,48013.21,16
O1068,S29,Textiles,Sea,2023-08-25,34289.55,8
O1204,S29,Textiles,Sea,2023-01-01,23170.79,22
O1540,S29,Electronics,Rail,2023-05-21,47595.45,9
O1562,S29,Machinery,Air,2023-03-01,44208.19,13
O1772,S29,Textiles,Air,2023-08-23,43928.85,8
O1094,S24,Electronics,Rail,2023-11-22,37174.75,11
O1246,S24,Textiles,Road,2023-05-23,47917.74,20
O1257,S24,Machinery,Rail,2023-09-22,2673.05,10
O1374,S24,Electronics,Road,2023-01-11,32905.21,10
O1604,S24,Food,Air,2023-01-14,23217.56,7
O1946,S24,Pharma,Rail,2023-03-11,35404.39,10
O1260,S25,Pharma,Road,2023-10-09,10854.68,7
O1305,S25,Textiles,Road,2023-06-07,16422.66,8
O1858,S25,Electronics,Air,2023-01-20,9792.26,20
O1968,S25,Textiles,Air,2023-08-01,3073.47,8
O1158,S21,Electronics,Road,2023-08-04,3375.55,16
O1375,S21,Food,Sea,2023-05-18,8003.96,11
O1357,S30,Machinery,Air,2023-07-21,25128.22,12
O1383,S30,Textiles,Road,2023-03-26,500.58,4
O1036,S17,Food,Sea,2023-07-26,47778.2,11
O1290,S17,Food,Road,2023-11-20,36057.39,9
O1292,S17,Electronics,Road,2023-05-21,32210.45,12
O1648,S17,Electronics,Road,2023-04-15,5716.96,11
O1746,S17,Food,Air,2023-06-21,3917.77,13
O1757,S17,Pharma,Sea,2023-01-18,42244.65,11
O1214,S3,Food,Air,2023-07-11,47910.6,15
O1315,S3,Pharma,Rail,2023-04-18,20192.91,13
O1580,S3,Textiles,Road,2023-03-21,21962.35,4
O1168,S4,Electronics,Rail,2023-07-03,20975.31,10
O1618,S4,Textiles,Road,2023-01-13,37026.91,10
O1702,S4,Pharma,Air,2023-02-07,8487.46,21
O1710,S4,Machinery,Road,2023-11-25,11506.88,19
O1816,S4,Electronics,Sea,2023-12-20,37623.9,15
O1086,S7,Electronics,Rail,2023-11-14,25800.89,4
O1232,S7,Textiles,Sea,2023-03-23,33869.45,18
O1545,S7,Machinery,Rail,2023-06-22,32600.99,4
O1560,S7,Electronics,Sea,2023-09-11,47264.44,12
O1916,S7,Food,Road,2023-05-04,19766.91,9
O1016,S27,Textiles,Sea,2023-08-09,41790.16,4
O1073,S27,Pharma,Sea,2023-12-21,27848.8,14
O1263,S27,Electronics,Sea,2023-04-27,49069.03,12
O1344,S27,Pharma,Air,2023-06-01,29290.3,6
O1897,S27,Electronics,Air,2023-05-26,15982.51,12
O1953,S27,Machinery,Road,2023-10-07,30680.02,4
O1102,S23,Textiles,Sea,2023-06-13,44647.67,7
O1166,S23,Textiles,Sea,2023-02-08,1456.72,12
O1611,S23,Electronics,Sea,2023-09-03,40351.97,19
O1613,S23,Food,Rail,2023-03-20,46669.17,14
O1690,S23,Machinery,Air,2023-08-16,30722.06,14
O1031,S16,Textiles,Rail,2023-05-11,17766.62,7
O1331,S16,Pharma,Rail,2023-05-21,33003.24,5
O1421,S16,Textiles,Sea,2023-07-19,13633.64,9
O1472,S16,Pharma,Air,2023-03-25,40100.17,5
O1634,S16,Electronics,Road,2023-07-15,21666.27,8
O1867,S16,Machinery,Rail,2023-08-17,12548.14,9
O1202,S19,Electronics,Rail,2023-10-29,39268.32,12
O1728,S19,Food,Road,2023-06-30,20891.93,9
O1769,S19,Electronics,Air,2023-09-13,45137.81,6
O1985,S19,Food,Road,2023-10-28,44919.61,16
O1106,S22,Food,Rail,2023-01-10,48221.88,8
O1147,S11,Food,Rail,2023-07-17,7261.74,6
O1570,S11,Pharma,Sea,2023-06-27,13028.53,7
O1577,S11,Textiles,Air,2023-06-05,48861.84,11
O1806,S11,Food,Road,2023-05-24,37711.48,10
O1443,S2,Food,Rail,2023-11-29,17112.72,17
O1009,S13,Machinery,Sea,2023-08-31,938.73,10
O1122,S13,Machinery,Road,2023-11-09,5715.56,7
O1154,S13,Food,Rail,2023-01-12,10361.16,12
O1336,S13,Electronics,Road,2023-01-26,25544.92,11
O1410,S13,Pharma,Rail,2023-07-15,19963.16,19
O1188,S15,Electronics,Air,2023-10-17,13646.35,12
O1512,S15,Electronics,Sea,2023-05-14,21207.53,14
O1514,S15,Textiles,Road,2023-12-02,5517.96,10
O1889,S15,Textiles,Rail,2023-07-11,12454.08,8
O1116,S26,Pharma,Air,2023-09-14,33486.08,20
O1314,S26,Pharma,Road,2023-12-17,14799.8,10
O1359,S26,Machinery,Sea,2023-05-26,29760.95,11
O1462,S26,Machinery,Air,2023-04-14,12131.18,5
O1558,S26,Electronics,Rail,2023-12-15,5742.34,13
O1684,S26,Food,Sea,2023-01-17,43011.43,10
O1794,S26,Textiles,Rail,2023-01-19,914.0,14
O1896,S26,Electronics,Rail,2023-07-02,28525.94,12
O1002,S10,Food,Rail,2023-12-28,7154.54,10
O1104,S10,Electronics,Sea,2023-10-30,45542.19,17
O1437,S10,Food,Road,2023-10-13,36584.56,17
O1915,S10,Machinery,Sea,2023-03-19,35516.15,10
O1971,S10,Machinery,Road,2023-12-08,4685.99,15
O1979,S10,Food,Air,2023-04-16,10234.35,10
O1989,S10,Pharma,Road,2023-03-25,42445.7,9
O1058,S1,Textiles,Air,2023-03-07,30372.91,11
O1090,S1,Food,Rail,2023-08-19,3603.14,5
O1419,S1,Textiles,Air,2023-09-21,47634.98,16
O1484,S1,Electronics,Air,2023-03-07,31431.27,10
O1899,S1,Food,Air,2023-04-26,11984.9,10
O1061,S8,Textiles,Sea,2023-10-22,6584.57,10
O1148,S8,Pharma,Sea,2023-09-02,32756.17,4
O1409,S8,Textiles,Air,2023-03-11,37835.29,10
O1679,S8,Machinery,Sea,2023-07-19,5577.11,6
O1771,S8,Electronics,Rail,2023-05-30,3815.19,7
O1171,S6,Electronics,Sea,2023-12-06,26781.42,5
O1319,S6,Food,Sea,2023-03-12,38169.89,14
O1559,S6,Textiles,Air,2023-02-12,8164.02,14
O1754,S6,Food,Rail,2023-02-08,27015.0,7
O1832,S6,Pharma,Rail,2023-05-01,21530.12,14
O1048,S18,Pharma,Air,2023-01-20,14409.72,9
O1076,S18,Electronics,Rail,2023-04-10,38879.63,13
O1118,S18,Electronics,Sea,2023-10-03,38171.37,13
O1247,S18,Electronics,Rail,2023-11-12,26718.16,11
O1499,S18,Electronics,Road,2023-11-12,3883.48,4
O1554,S18,Machinery,Sea,2023-01-20,13919.26,16
O1640,S18,Textiles,Rail,2023-08-20,14972.96,20
O1887,S14,Machinery,Sea,2023-04-27,42972.15,14
O1043,S5,Pharma,Sea,2023-01-24,2986.19,9
O1064,S5,Pharma,Air,2023-09-03,22742.81,7
O1131,S5,Machinery,Sea,2023-04-30,10839.69,10
O1215,S5,Food,Sea,2023-03-04,47164.85,13
O1527,S5,Electronics,Sea,2023-10-08,21425.07,18
O1070,S12,Electronics,Rail,2023-02-09,35840.66,16
O1572,S12,Food,Air,2023-02-25,47900.26,11
O1660,S12,Machinery,Sea,2023-11-10,34414.15,4
O1502,S28,Machinery,Rail,2023-01-12,21921.96,14
O1556,S28,Food,Road,2023-11-12,43371.73,20
O1602,S28,Machinery,Rail,2023-06-04,12754.21,16
O1642,S28,Machinery,Rail,2023-08-21,1584.71,9
O1651,S28,Pharma,Sea,2023-04-30,32931.1,10
O1936,S28,Electronics,Rail,2023-02-04,8784.17,13
O1052,S9,Textiles,Sea,2023-04-06,45352.49,12
O1296,S9,Machinery,Rail,2023-02-21,38695.53,6
O1723,S9,Textiles,Road,2023-06-13,27274.8,13
O1930,S9,Pharma,Road,2023-04-28,3140.73,13
O1059,S29,Pharma,Sea,2023-12-01,18211.8,6
O1216,S29,Textiles,Rail,2023-03-14,39366.88,7
O1281,S29,Machinery,Road,2023-12-02,39733.46,7
O1291,S29,Electronics,Sea,2023-10-04,12743.35,8
O1366,S29,Textiles,Rail,2023-08-14,47068.83,17
O1532,S29,Pharma,Rail,2023-04-05,24410.47,11
O1601,S29,Textiles,Rail,2023-01-07,13904.91,7
O1788,S29,Electronics,Rail,2023-07-08,3901.33,8
O1813,S29,Electronics,Sea,2023-08-12,8909.11,7
O1967,S29,Machinery,Road,2023-02-05,18068.77,10
O1144,S24,Textiles,Road,2023-01-01,34051.75,13
O1230,S24,Pharma,Air,2023-04-12,31979.76,6
O1438,S24,Textiles,Road,2023-04-26,43153.7,20
O1466,S24,Pharma,Rail,2023-09-05,48368.25,17
O1591,S24,Electronics,Road,2023-08-09,32065.57,9
O1805,S24,Pharma,Sea,2023-07-05,39207.02,10
O1873,S24,Textiles,Air,2023-06-11,44461.85,11
O1984,S24,Food,Sea,2023-11-25,1986.29,13
O1253,S25,Food,Rail,2023-09-24,40444.79,14
O1264,S25,Textiles,Sea,2023-08-09,39760.57,12
O1348,S25,Pharma,Road,2023-12-13,38059.42,8
O1424,S25,Food,Rail,2023-10-27,35864.0,16
O1542,S25,Pharma,Road,2023-01-25,5057.32,13
O1782,S25,Electronics,Rail,2023-02-19,49860.53,10
O1155,S21,Electronics,Air,2023-10-03,44565.64,6
O1323,S21,Electronics,Road,2023-02-05,45962.11,8
O1571,S21,Pharma,Air,2023-09-10,22787.59,9
O1662,S21,Electronics,Sea,2023-10-04,14814.78,7
O1964,S21,Food,Road,2023-01-31,46104.72,12
O1280,S30,Pharma,Sea,2023-04-17,9910.33,17
O1299,S30,Electronics,Sea,2023-08-27,947.4,19
O1354,S30,Pharma,Sea,2023-04-10,21262.68,8
O1054,S17,Food,Air,2023-09-07,24083.63,6
O1159,S17,Food,Air,2023-09-08,6019.85,8
O1217,S17,Textiles,Rail,2023-06-10,49570.73,15
O1384,S17,Machinery,Air,2023-05-26,21120.01,16
O1790,S17,Food,Road,2023-07-03,23479.81,4
O1393,S3,Electronics,Rail,2023-01-19,36602.57,10
O1447,S3,Electronics,Road,2023-07-27,36489.31,18
O1493,S3,Electronics,Sea,2023-06-03,15685.44,13
O1814,S3,Pharma,Air,2023-11-16,10151.27,15
O1970,S3,Textiles,Rail,2023-04-16,21455.09,18
O1163,S4,Electronics,Sea,2023-11-02,1227.32,19
O1164,S4,Food,Rail,2023-10-12,19265.16,7
O1201,S4,Food,Air,2023-12-11,44978.75,14
O1441,S4,Machinery,Sea,2023-10-27,10164.41,19
O1548,S4,Electronics,Air,2023-05-08,48268.26,10
O1563,S4,Textiles,Air,2023-05-31,10530.32,19
O1678,S4,Machinery,Rail,2023-11-29,43877.81,11
O1755,S4,Food,Road,2023-09-25,41887.83,20
O1850,S4,Food,Road,2023-08-18,34884.73,22
O1935,S4,Electronics,Rail,2023-09-02,47113.75,15
O1041,S7,Electronics,Air,2023-08-01,39828.52,9
O1143,S7,Textiles,Air,2023-10-12,11179.16,9
O1669,S27,Electronics,Road,2023-07-19,41513.5,23
O1029,S16,Textiles,Air,2023-12-27,20651.77,12
O1179,S16,Electronics,Road,2023-12-07,38812.57,4
O1324,S16,Electronics,Road,2023-03-25,47570.97,12
O1394,S16,Machinery,Road,2023-03-09,48358.85,23
O1516,S16,Pharma,Air,2023-01-14,14177.8,7
O1801,S16,Food,Road,2023-08-17,27646.75,3
O1327,S19,Machinery,Air,2023-06-21,39483.68,7
O1791,S19,Machinery,Road,2023-01-03,36275.52,19
O1856,S19,Food,Road,2023-07-07,39012.25,7
O1228,S22,Food,Air,2023-04-12,7774.65,12
O1768,S22,Machinery,Air,2023-07-22,40275.11,12
O1917,S22,Electronics,Road,2023-03-16,11829.34,13
O1987,S22,Textiles,Air,2023-07-03,48682.44,9
O1413,S11,Textiles,Rail,2023-11-12,4383.56,9
O1549,S11,Pharma,Air,2023-04-06,12919.21,15
O1738,S11,Textiles,Rail,2023-07-02,10709.48,6
O1742,S11,Pharma,Road,2023-05-04,25636.35,10
O1084,S2,Electronics,Rail,2023-11-21,16220.55,7
O1442,S2,Food,Air,2023-02-05,17594.43,11
O1473,S2,Machinery,Rail,2023-08-19,27859.0,6
O1778,S2,Food,Rail,2023-09-15,4168.22,13
O1066,S13,Pharma,Air,2023-09-25,31426.8,11
O1223,S13,Textiles,Rail,2023-09-02,10193.74,7
O1600,S13,Food,Rail,2023-09-13,11113.12,12
O1641,S13,Machinery,Rail,2023-08-15,22474.01,16
O1047,S15,Machinery,Rail,2023-12-30,12003.02,15
O1882,S15,Food,Air,2023-06-01,5198.44,12
O1279,S26,Food,Sea,2023-01-21,49068.3,15
O1603,S26,Textiles,Air,2023-04-02,3595.05,19
O1810,S26,Textiles,Sea,2023-09-18,33722.29,11
O1846,S26,Textiles,Sea,2023-01-24,32000.53,12
O1982,S26,Textiles,Road,2023-03-11,40230.7,14
O1378,S10,Pharma,Road,2023-09-11,14482.39,16
O1590,S10,Electronics,Road,2023-11-04,30857.94,11
O1884,S10,Electronics,Rail,2023-03-17,16668.64,14
O1720,S1,Food,Sea,2023-09-12,28065.48,11
O1942,S1,Food,Sea,2023-03-15,8232.23,14
O1156,S6,Textiles,Air,2023-06-30,14726.78,8
O1907,S6,Food,Sea,2023-06-10,28388.07,18
O1526,S18,Machinery,Rail,2023-01-25,35375.44,5
O1661,S18,Pharma,Sea,2023-08-20,5966.38,8
O1675,S18,Machinery,Air,2023-03-28,18044.03,10
O1831,S18,Food,Sea,2023-01-14,11138.18,5
O1847,S14,Food,Air,2023-08-15,16563.33,11
O1515,S20,Food,Air,2023-01-07,14253.71,7
O1657,S20,Pharma,Road,2023-04-07,33378.86,12
O1980,S20,Food,Rail,2023-08-05,37002.59,11
O1345,S5,Pharma,Sea,2023-07-27,22112.4,10
O1457,S5,Food,Air,2023-01-30,42030.37,6
O1485,S5,Food,Road,2023-12-27,28801.43,16
O1616,S5,Textiles,Rail,2023-11-10,31030.79,9
O1098,S12,Pharma,Rail,2023-03-07,13884.47,5
O1605,S12,Food,Air,2023-08-17,36770.31,15
O1866,S12,Textiles,Road,2023-08-04,44019.7,14
O1220,S28,Pharma,Road,2023-06-25,4242.45,16
O1363,S28,Machinery,Road,2023-06-24,10750.25,10
O1928,S28,Electronics,Air,2023-12-16,35897.46,16
O1283,S9,Textiles,Road,2023-04-27,47213.23,15
O1338,S9,Machinery,Road,2023-09-28,2427.03,7
O1461,S9,Pharma,Air,2023-04-25,22164.24,13
O1939,S9,Electronics,Road,2023-12-15,35008.22,5
O1941,S9,Machinery,Rail,2023-02-18,14126.77,6
O1160,S29,Food,Road,2023-10-26,26035.16,10
O1725,S29,Electronics,Rail,2023-12-13,35256.23,15
O1020,S24,Pharma,Road,2023-10-15,38561.68,17
O1316,S24,Food,Road,2023-03-15,46016.79,14
O1430,S24,Pharma,Air,2023-08-03,46679.78,16
O1615,S24,Food,Air,2023-05-18,10413.96,9
O1706,S24,Machinery,Sea,2023-08-11,44597.35,12
O1150,S25,Electronics,Rail,2023-11-21,16123.55,20
O1346,S25,Food,Road,2023-02-18,29214.4,9
O1455,S25,Pharma,Rail,2023-01-03,19525.57,14
O1553,S25,Machinery,Air,2023-11-30,15988.92,7
O1665,S25,Electronics,Air,2023-09-04,25992.78,13
O1898,S25,Electronics,Air,2023-11-15,32889.93,10
O1024,S21,Electronics,Rail,2023-07-30,30873.4,13
O1180,S21,Electronics,Rail,2023-05-09,38759.61,18
O1227,S21,Pharma,Road,2023-04-08,29125.77,4
O1343,S21,Textiles,Road,2023-03-13,47547.73,4
O1355,S21,Food,Sea,2023-03-01,39128.09,18
O1687,S21,Electronics,Road,2023-10-04,43008.83,11
O1799,S21,Food,Road,2023-10-08,40322.48,12
O1974,S21,Textiles,Rail,2023-08-08,44204.28,9
O1137,S30,Pharma,Road,2023-09-08,41197.9,10
O1381,S30,Machinery,Road,2023-10-18,6829.41,15
O1103,S17,Pharma,Rail,2023-10-28,21973.96,14
O1107,S17,Textiles,Rail,2023-07-14,4919.83,9
O1382,S17,Electronics,Sea,2023-09-20,38394.56,17
O1412,S17,Machinery,Rail,2023-02-18,33220.21,4
O1030,S3,Food,Rail,2023-02-28,3767.49,13
O1049,S3,Textiles,Air,2023-06-01,40272.4,12
O1127,S3,Textiles,Road,2023-06-24,47861.59,10
O1207,S3,Food,Air,2023-05-22,3751.9,11
O1573,S3,Food,Rail,2023-03-24,20252.25,10
O1839,S3,Food,Air,2023-07-30,41180.63,12
O1053,S4,Machinery,Road,2023-04-15,16414.04,6
O1065,S4,Textiles,Sea,2023-05-05,29500.31,8
O1468,S4,Electronics,Air,2023-11-17,25487.38,11
O1550,S4,Food,Sea,2023-04-02,33963.3,10
O1854,S4,Textiles,Rail,2023-02-07,33267.46,10
O1025,S7,Food,Air,2023-05-30,4885.93,7
O1028,S7,Textiles,Air,2023-11-08,20673.38,10
O1449,S7,Pharma,Sea,2023-06-07,47380.99,9
O1495,S7,Electronics,Air,2023-11-07,31253.98,6
O1531,S7,Pharma,Road,2023-06-13,10663.98,6
O1039,S27,Pharma,Road,2023-11-01,4304.67,14
O1579,S27,Textiles,Air,2023-09-20,911.84,11
O1764,S27,Pharma,Road,2023-05-15,44186.71,10
O1886,S27,Pharma,Rail,2023-11-10,40429.92,4
O1952,S27,Textiles,Air,2023-05-09,39065.58,15
O1955,S27,Electronics,Air,2023-04-10,41988.67,11
O1965,S27,Pharma,Road,2023-03-25,29367.94,6
O1995,S27,Pharma,Sea,2023-06-27,42701.1,13
O1026,S23,Food,Road,2023-02-06,24637.58,8
O1132,S23,Textiles,Rail,2023-02-13,18751.0,7
O1235,S23,Pharma,Sea,2023-12-31,45915.55,8
O1274,S23,Food,Rail,2023-02-12,13347.32,18
O1475,S23,Machinery,Road,2023-06-10,7019.89,9
O1496,S23,Food,Air,2023-09-19,17035.47,23
O1555,S23,Machinery,Rail,2023-05-26,30084.58,16
O1932,S23,Pharma,Rail,2023-12-03,33901.92,16
O1126,S16,Machinery,Sea,2023-04-17,18322.5,14
O1161,S16,Electronics,Road,2023-05-06,13745.84,9
O1187,S16,Electronics,Rail,2023-06-24,6450.26,6
O1278,S16,Food,Road,2023-12-30,31305.99,11
O1332,S16,Electronics,Sea,2023-04-28,12399.75,14
O1334,S16,Textiles,Rail,2023-08-02,45952.83,6
O1400,S16,Food,Sea,2023-04-19,15495.08,12
O1139,S19,Machinery,Road,2023-05-10,10993.71,11
O1392,S19,Machinery,Road,2023-10-29,572.95,11
O1766,S19,Pharma,Sea,2023-08-24,4247.14,19
O1125,S22,Textiles,Rail,2023-05-01,2885.21,16
O1136,S22,Textiles,Rail,2023-04-18,21116.97,8
O1360,S22,Textiles,Road,2023-06-13,9713.73,15
O1405,S22,Machinery,Rail,2023-06-13,18861.58,13
O1703,S22,Textiles,Sea,2023-04-21,4635.94,11
O1798,S22,Food,Sea,2023-04-18,763.02,14
O1925,S22,Food,Sea,2023-09-16,49065.34,12
O1638,S11,Textiles,Road,2023-09-09,3668.31,6
O1063,S2,Pharma,Sea,2023-07-05,25402.66,12
O1282,S2,Electronics,Air,2023-10-30,45440.99,8
O1505,S2,Electronics,Rail,2023-02-11,3300.99,10
O1510,S2,Food,Sea,2023-08-04,31797.97,12
O1727,S2,Pharma,Air,2023-09-26,25255.58,9
O1803,S2,Machinery,Road,2023-05-16,38442.49,14
O1060,S13,Pharma,Sea,2023-09-19,32566.96,12
O1117,S13,Food,Rail,2023-05-13,48319.35,7
O1372,S13,Pharma,Sea,2023-05-23,34834.09,12
O1668,S13,Pharma,Rail,2023-08-02,18012.56,14
O1082,S15,Machinery,Rail,2023-01-02,3189.44,15
O1244,S15,Food,Sea,2023-03-17,22659.83,8
O1329,S15,Pharma,Air,2023-12-28,28421.66,10
O1589,S15,Electronics,Sea,2023-12-25,29677.97,9
O1105,S26,Machinery,Road,2023-10-14,19177.24,8
O1361,S26,Textiles,Road,2023-08-30,16912.45,12
O1598,S26,Machinery,Rail,2023-07-10,1180.4,10
O1653,S26,Machinery,Air,2023-05-10,8394.87,5
O1736,S26,Electronics,Air,2023-09-28,7570.68,14
O1521,S10,Electronics,Sea,2023-05-10,9378.55,15
O1708,S10,Electronics,Sea,2023-09-13,18036.43,14
O1777,S10,Machinery,Rail,2023-09-26,32591.74,6
O1113,S1,Food,Sea,2023-11-28,715.98,5
O1481,S1,Textiles,Sea,2023-05-31,33798.8,8
O1482,S1,Pharma,Road,2023-04-24,39935.73,6
O1508,S1,Machinery,Sea,2023-10-18,32265.85,10
O1551,S1,Pharma,Air,2023-05-21,35478.18,14
O1820,S1,Electronics,Road,2023-08-07,32879.57,7
O1013,S8,Pharma,Sea,2023-08-26,15083.66,10
O1146,S8,Textiles,Rail,2023-02-04,15117.42,15
O1181,S8,Food,Sea,2023-09-21,26304.15,5
O1328,S8,Pharma,Air,2023-06-22,12924.57,10
O1888,S8,Pharma,Air,2023-12-22,49882.6,11
O1981,S8,Textiles,Rail,2023-07-24,14682.72,11
O1162,S6,Machinery,Rail,2023-08-05,41856.27,4
O1387,S6,Pharma,Air,2023-05-05,48667.37,6
O1533,S6,Machinery,Sea,2023-09-27,13792.42,8
O1404,S18,Textiles,Air,2023-12-19,9489.89,17
O1429,S18,Textiles,Sea,2023-05-10,18779.4,11
O1609,S18,Electronics,Air,2023-03-03,47598.79,7
O1862,S18,Food,Rail,2023-01-04,21901.14,11
O1892,S18,Pharma,Air,2023-08-16,6938.99,13
O1040,S14,Textiles,Sea,2023-12-16,25280.9,21
O1077,S14,Textiles,Road,2023-08-28,13934.76,7
O1458,S14,Pharma,Road,2023-08-25,1065.19,15
O1463,S14,Pharma,Air,2023-04-28,35391.11,17
O1581,S14,Machinery,Road,2023-09-09,5084.96,16
O1841,S14,Machinery,Air,2023-07-05,39913.95,9
O1960,S14,Textiles,Sea,2023-11-12,20393.42,13
O1285,S20,Machinery,Rail,2023-10-08,26312.25,14
O1304,S20,Food,Rail,2023-04-16,11492.76,8
O1541,S20,Pharma,Sea,2023-04-27,15215.89,12
O1685,S20,Electronics,Rail,2023-05-13,34008.57,14
O1912,S20,Food,Rail,2023-02-16,49538.62,12
O1057,S5,Pharma,Air,2023-08-16,48959.57,13
O1210,S5,Food,Road,2023-03-10,24461.81,15
O1599,S5,Machinery,Road,2023-03-03,12794.62,13
O1726,S5,Textiles,Road,2023-09-15,8998.85,6
O1972,S5,Machinery,Air,2023-08-08,30538.92,11
O1120,S12,Pharma,Sea,2023-06-20,35275.75,17
O1529,S12,Machinery,Road,2023-11-06,20181.81,22
O1950,S12,Textiles,Road,2023-08-19,8901.56,8
O1075,S28,Pharma,Rail,2023-01-08,7572.36,12
O1422,S28,Pharma,Sea,2023-02-19,30276.92,7
O1934,S28,Machinery,Rail,2023-02-20,18969.57,18
O1418,S9,Machinery,Road,2023-05-29,29396.75,18
O1434,S9,Textiles,Air,2023-07-28,23354.95,13
O1622,S9,Textiles,Air,2023-06-30,46077.95,21
O1701,S9,Food,Rail,2023-05-18,25989.2,8
O1770,S9,Machinery,Sea,2023-03-27,10571.9,11
O1800,S9,Food,Rail,2023-05-08,38754.07,10
O1870,S9,Food,Rail,2023-02-24,33508.95,10
O1425,S29,Pharma,Road,2023-02-27,38070.76,7
O1459,S29,Food,Rail,2023-10-06,35333.14,13
O1537,S29,Food,Air,2023-11-06,30380.04,4
O1583,S29,Electronics,Road,2023-09-17,45770.16,12
O1189,S24,Food,Rail,2023-07-12,1368.84,9
O1197,S24,Electronics,Sea,2023-10-30,32499.71,10
O1251,S24,Textiles,Sea,2023-10-18,4273.84,19
O1269,S24,Textiles,Sea,2023-10-31,47595.78,21
O1326,S24,Food,Road,2023-11-06,18177.5,14
O1823,S24,Food,Sea,2023-01-13,31803.37,10
O1169,S25,Textiles,Sea,2023-06-27,24896.8,7
O1222,S25,Food,Road,2023-03-14,11656.37,11
O1428,S25,Machinery,Rail,2023-11-22,25690.08,16
O1439,S25,Electronics,Rail,2023-09-21,14066.54,13
O1704,S25,Electronics,Rail,2023-08-08,1446.88,8
O1737,S25,Textiles,Sea,2023-09-30,34757.65,13
O1022,S21,Textiles,Sea,2023-10-27,38422.74,9
O1056,S21,Textiles,Sea,2023-12-20,32203.56,22
O1483,S21,Machinery,Road,2023-08-25,12898.16,6
O1055,S30,Electronics,Road,2023-04-27,11688.44,19
O1096,S30,Machinery,Road,2023-12-11,5543.67,8
O1182,S30,Electronics,Air,2023-06-06,48812.68,22
O1843,S30,Electronics,Air,2023-04-21,34771.77,16
O1855,S30,Textiles,Air,2023-09-17,40839.52,12
O1101,S17,Electronics,Rail,2023-09-18,39552.16,6
O1719,S17,Pharma,Rail,2023-07-09,31006.87,12
O1406,S3,Electronics,Rail,2023-03-14,45146.04,13
O1688,S3,Electronics,Air,2023-08-20,37543.61,13
O1507,S4,Textiles,Road,2023-03-23,47250.2,7
O1596,S4,Machinery,Air,2023-03-04,43934.77,9
O1741,S4,Machinery,Rail,2023-11-30,10613.66,17
O1776,S4,Pharma,Rail,2023-10-12,3794.95,6
O1606,S7,Textiles,Rail,2023-03-27,30533.22,11
O1639,S7,Machinery,Road,2023-03-23,41324.79,8
O1834,S7,Machinery,Air,2023-03-16,25599.45,12
O1860,S7,Electronics,Sea,2023-04-29,35097.97,8
O1874,S7,Electronics,Road,2023-06-07,16601.89,18
O1994,S7,Machinery,Rail,2023-07-15,40940.21,19
O1783,S27,Food,Air,2023-04-05,28173.43,5
O1863,S27,Pharma,Air,2023-08-09,2041.88,14
O1961,S27,Pharma,Rail,2023-12-30,8107.71,8
O1071,S23,Machinery,Air,2023-01-21,41215.47,20
O1252,S23,Textiles,Road,2023-04-12,14097.84,4
O1350,S23,Pharma,Road,2023-03-09,17975.99,16
O1436,S23,Pharma,Road,2023-12-20,34882.47,9
O1626,S23,Textiles,Road,2023-06-13,18738.22,14
O1045,S16,Electronics,Air,2023-01-04,20442.23,12
O1401,S16,Machinery,Rail,2023-02-05,16602.11,9
O1416,S16,Pharma,Road,2023-01-27,8782.4,10
O1592,S16,Machinery,Air,2023-11-04,12480.09,4
O1254,S19,Electronics,Rail,2023-12-21,23253.41,15
O1454,S19,Textiles,Air,2023-05-16,36854.97,6
O1519,S19,Food,Sea,2023-03-07,3841.38,10
